id;nom;prenom;mail;numero
1;a applications;connecting incubate;Iran synthesizing payment;Cambridgeshire payment
2;d'Al√©sia Barbade;compressing a administration;neural networks;Chair
3;Ergonomic context-sensitive;Dollar);Electronics open-source;Incredible magenta
4;homogeneous process magenta;Leone;Tuvalu convergence;robust Garden Jewelery
5;channels Architecte;calculating Fantastic;Pastourelle;a
6;Chili Shoes Personal;Consultant;secured;Inverse architect
7;e-markets Account;withdrawal Awesome;Lorraine;Industrial
8;Assimilated capability fresh-thinking;Syrian;Yen;Architecte Licensed
9;Fresh withdrawal Auvergne;Garden Rubber;back-end Islands cross-media;b
10;b;Superviseur Loan SCSI;convergence Mouffetard program;withdrawal input Peso
